mean,stdev,sig_frac,name
0.1085479400205473,0.07644338582840457,0.5882629107981221,neg
0.12102402820799053,0.07413809282890733,0.649367088607595,pos
