mean,stdev,sig_frac,name
0.1469160364283088,0.08496102253191837,0.7315926892950392,neg
0.09337762669993004,0.08314787414228125,0.5377176015473888,pos
