mean,stdev,sig_frac,name
0.27572991157549576,0.09425147680988254,0.9432989690721649,neg
0.2493085954209856,0.0968667416818794,0.9180050718512257,pos
