mean,stdev,sig_frac,name
0.4732196523364415,0.1753160843099997,0.00046598322460391424,neg
0.4760029867050905,0.17183280537395915,0.0004248088360237893,pos
