mean,stdev,sig_frac,name
0.06509385969471107,0.07579594424688031,0.38341346153846156,neg
0.07734609401974467,0.06994754539282563,0.3562874251497006,pos
