mean,stdev,sig_frac,name
0.09006730846131836,0.07717406383979737,0.49722103463018386,neg
0.06079399202621463,0.07749191161856431,0.37297547431744565,pos
