mean,stdev,sig_frac,name
0.004032389219786022,0.05717188512958017,0.061941631923764146,neg
0.005372425181593411,0.05403347221415562,0.06026231832683446,pos
