mean,stdev,sig_frac,name
0.6036499075907998,0.049410130642428815,0.000429000429000429,neg
0.5983575371456015,0.05231901479213218,0.0004610419548178884,pos
