mean,stdev,sig_frac,name
0.6741355762714971,0.053876371511587307,0.0004488330341113106,neg
0.6818067315756016,0.012913123892341638,0.00044014084507042255,pos
