mean,stdev,sig_frac,name
0.40134121770979825,0.06788049010806892,0.9963427377220481,neg
0.3572720134848491,0.08772141494305863,0.9810518174787316,pos
