mean,stdev,sig_frac,name
0.1461323281821348,0.12210692336899383,0.7231570512820513,neg
0.13782422547929302,0.10750552891210305,0.657185628742515,pos
