mean,stdev,sig_frac,name
0.2229286428322488,0.09686795039363072,0.8982674366948024,neg
0.22352789608355886,0.09884637761320007,0.8883948421520675,pos
