mean,stdev,sig_frac,name
0.19321866611402813,0.09061829063237313,0.8421278421278421,neg
0.13922157113394001,0.09142602889377587,0.7081604426002767,pos
