mean,stdev,sig_frac,name
0.4073965091373939,0.06690458944375731,0.9976503759398496,neg
0.382566174838423,0.07914441079691464,0.9949409780775716,pos
