mean,stdev,sig_frac,name
0.6297600264911005,0.191531981628835,0.00045495905368516835,neg
0.6382857052970202,0.17585109294250634,0.0004344048653344917,pos
