mean,stdev,sig_frac,name
0.1876575906032607,0.15763734947133728,0.7741116751269036,neg
0.16610597990693113,0.154838710636794,0.7494071146245059,pos
