mean,stdev,sig_frac,name
0.2845412104423918,0.09573696843161242,0.9592515592515592,neg
0.2640672765127556,0.10843639592919346,0.9159904534606206,pos
