mean,stdev,sig_frac,name
0.057123784130074365,0.07098206520382329,0.2613333333333333,neg
0.04489047119156132,0.06551590990767818,0.19580952380952382,pos
