mean,stdev,sig_frac,name
0.04174950928008434,0.06810839364729727,0.20523415977961432,neg
0.042358832372558136,0.0651564419945189,0.16063738156761412,pos
