mean,stdev,sig_frac,name
0.002070402978552672,0.0643197046681314,0.062356717102246675,neg
0.007700021542852257,0.06370641608347004,0.06080206985769728,pos
