mean,stdev,sig_frac,name
0.3544541888392411,0.08202972267136523,0.9920302013422819,neg
0.34884682935952066,0.09071095331014055,0.9792060491493384,pos
