mean,stdev,sig_frac,name
0.25984053909330573,0.0836670274442864,0.941712204007286,neg
0.23589499677724657,0.07858736160183544,0.9305555555555556,pos
