mean,stdev,sig_frac,name
0.029231002408918683,0.06379313991400115,0.10627576729271644,neg
0.025044187813233972,0.06363528295730703,0.09667673716012085,pos
