mean,stdev,sig_frac,name
0.023286769934998078,0.060761613181479227,0.08279940857565303,neg
0.021005245402232416,0.06347369729466473,0.0829623634156212,pos
