mean,stdev,sig_frac,name
0.5797495765579014,0.1153441154412731,0.0004987531172069825,neg
0.5836787628386924,0.10753400831639301,0.0004008016032064128,pos
