mean,stdev,sig_frac,name
15.477191237084467,11.167489115689767,0.0005810575246949448,neg
5.001328387420012,9.53986244191451,0.0003598416696653472,pos
