mean,stdev,sig_frac,name
0.23872389394843943,0.16388256924514288,0.8556338028169014,neg
0.22192230887037645,0.14328928401136493,0.8379712746858169,pos
