mean,stdev,sig_frac,name
0.006480447628887588,0.06253316279432594,0.09604863221884498,neg
-0.0013630183487125882,0.056978100417770974,0.07355516637478109,pos
