mean,stdev,sig_frac,name
-0.0010872265783454604,0.06263031460650265,0.047337278106508875,neg
-0.0018086575845987778,0.06584749557526368,0.04515848892748589,pos
