mean,stdev,sig_frac,name
0.16436727505656099,0.11886240504039955,0.7600749765698219,neg
0.15584174140401652,0.11552228222683783,0.7142857142857143,pos
