mean,stdev,sig_frac,name
0.18544272127794917,0.11947501486186506,0.8021927820922796,neg
0.16444746100702615,0.11507940187695584,0.7620077888360017,pos
