mean,stdev,sig_frac,name
0.008921107818400761,0.055550100254093175,0.07053009883198562,neg
0.0077458157374061,0.05902227499555507,0.06684256816182937,pos
