mean,stdev,sig_frac,name
0.17344363184232517,0.12312200829583829,0.7737824305871643,neg
0.14514023459493716,0.11875518364917892,0.7082066869300911,pos
