mean,stdev,sig_frac,name
0.23511805313811363,0.09262570695329064,0.909051724137931,neg
0.17679060715567846,0.08740709578397746,0.8068807339449541,pos
