mean,stdev,sig_frac,name
0.19574709661794168,0.08994833613309118,0.8317914213624895,neg
0.18984959960686912,0.08212476592729039,0.8411875589066918,pos
