mean,stdev,sig_frac,name
0.1997200325713745,0.09857035129814688,0.8533984895601955,neg
0.207686854189531,0.09959050961218427,0.8617163183637172,pos
