mean,stdev,sig_frac,name
0.08101065272170323,0.07519156601539431,0.4376321353065539,neg
0.05760486149814527,0.08009726153560867,0.3665644171779141,pos
