mean,stdev,sig_frac,name
0.07517387635669535,0.06650582056478224,0.3804347826086957,neg
0.05829204287114108,0.06528598936557077,0.3037156704361874,pos
