mean,stdev,sig_frac,name
0.25945614684584567,0.09297756046545547,0.9379779099405268,neg
0.2177456304684826,0.09509761013419171,0.8630009319664492,pos
