mean,stdev,sig_frac,name
0.0817561706573019,0.07353650812571368,0.47560975609756095,neg
0.09891885100013911,0.07288903506805966,0.5428840716305372,pos
