mean,stdev,sig_frac,name
0.6269262127159827,0.09057036911569107,0.00041911148365465214,neg
0.626018883672771,0.09653144186165113,0.0004730368968779565,pos
