mean,stdev,sig_frac,name
0.5428985223386089,0.15844971022089577,0.0004589261128958238,neg
0.5505565345313004,0.15954629675233975,0.00043084877208099956,pos
