mean,stdev,sig_frac,name
0.5355352697982155,0.18251997573935705,0.0004880429477794046,neg
0.543708194267599,0.17300817913290423,0.0004079967360261118,pos
