mean,stdev,sig_frac,name
0.5693180988287507,0.1446242311822914,0.00042753313381787086,neg
0.5622306688551216,0.14882844288138186,0.00046274872744099955,pos
