mean,stdev,sig_frac,name
0.5400592957602607,0.17669420096524455,0.0004938271604938272,neg
0.5589960197848503,0.15945645577539871,0.00040404040404040404,pos
