mean,stdev,sig_frac,name
0.18675845361764454,0.09923103737386313,0.8403614457831325,neg
0.19539831060151905,0.11007684776901205,0.8246478873239437,pos
