mean,stdev,sig_frac,name
0.03571432537113052,0.08143495883620769,0.1827906976744186,neg
0.031119741323707234,0.08059266200480411,0.1672340425531915,pos
