mean,stdev,sig_frac,name
0.02439618441668181,0.0684641840558046,0.12570093457943926,neg
0.026859089223209797,0.07130274510804013,0.14703389830508476,pos
