mean,stdev,sig_frac,name
0.5654795631200785,0.14456863059919922,0.000441306266548985,neg
0.561712564238503,0.14012767934541429,0.0004476275738585497,pos
