mean,stdev,sig_frac,name
0.5602513391616916,0.1458804840870847,0.0004591368227731864,neg
0.5652802955554951,0.14212924502349164,0.0004306632213608958,pos
