mean,stdev,sig_frac,name
0.5986777346295974,0.1172594046453446,0.0004585052728106373,neg
0.6031391036027256,0.11300808997681419,0.00043122035360068997,pos
