mean,stdev,sig_frac,name
0.2724478450002978,0.11053450178943719,0.9308231173380035,neg
0.27166228514809043,0.11380829781020421,0.9268953068592057,pos
