mean,stdev,sig_frac,name
0.629481464264256,0.07459536270305028,0.00043159257660768235,neg
0.6340729448700301,0.08168290547181242,0.0004580852038479157,pos
