mean,stdev,sig_frac,name
0.5655545108059726,0.1275012848365306,0.0005291005291005291,neg
0.5812633191831267,0.10480062858401228,0.0003831417624521073,pos
