mean,stdev,sig_frac,name
0.0534887477187919,0.07145368374767233,0.28057889822595705,neg
0.04777988095587949,0.0644364436099208,0.1743002544529262,pos
