mean,stdev,sig_frac,name
0.045313554229933835,0.07749900317884521,0.28132170720514,neg
0.028565355808045093,0.07603605257042761,0.2068074105988798,pos
