mean,stdev,sig_frac,name
-0.0018656151172089118,0.05432933961436305,0.04705181655747469,neg
-0.0014674818533318124,0.0504013833009045,0.038638780574264446,pos
