mean,stdev,sig_frac,name
0.5906733855998056,0.10690768556931568,0.0005070993914807302,neg
0.596198579037114,0.10340354929400304,0.00039556962025316455,pos
