mean,stdev,sig_frac,name
0.5667283340414216,0.15545074111902438,0.0004161464835622139,neg
0.5501710180020867,0.1636827609849855,0.0004768717215069146,pos
