mean,stdev,sig_frac,name
0.5884358709558895,0.11293870512893657,0.00042087542087542086,neg
0.5836854584220439,0.11097168626213114,0.00047080979284369113,pos
