mean,stdev,sig_frac,name
0.6564641611961027,0.067196263944859,0.00040064102564102563,neg
0.6534192565672412,0.06859340830494336,0.000499001996007984,pos
