mean,stdev,sig_frac,name
0.5846189849034193,0.0923909432892772,0.00042625745950554135,neg
0.5746915215209555,0.09647306724239016,0.00046425255338904364,pos
