mean,stdev,sig_frac,name
0.19878141713670108,0.13244024760765316,0.7987161852361302,neg
0.2453929925628168,0.1434535313581068,0.8771021992238034,pos
