mean,stdev,sig_frac,name
0.189670534575754,0.14896073039212904,0.7979550102249489,neg
0.24546527462230608,0.15035045651487114,0.8583941605839416,pos
