mean,stdev,sig_frac,name
0.027715491303278068,0.06573706794156457,0.1573394495412844,neg
0.03884070896559038,0.06675497704881182,0.1939655172413793,pos
