mean,stdev,sig_frac,name
0.45077027758107224,0.055958471782771885,0.9987129987129987,neg
0.3922086548631472,0.07257729149739804,0.9907791609036423,pos
