mean,stdev,sig_frac,name
0.26534230377040274,0.13757703916351385,0.8915559365623661,neg
0.2674321734618854,0.13228230137597682,0.9012459621596678,pos
