mean,stdev,sig_frac,name
0.19471438618781534,0.10432118263302455,0.8314440611138492,neg
0.2013036735929788,0.11483576960063921,0.830028328611898,pos
