mean,stdev,sig_frac,name
0.05478672106247751,0.07458677946332128,0.3065998329156224,neg
0.06922539044402926,0.0684083448686419,0.32051282051282054,pos
