mean,stdev,sig_frac,name
0.06499575996237869,0.07268848984780607,0.3244444444444444,neg
0.04995984126541798,0.07314247982711533,0.24,pos
