mean,stdev,sig_frac,name
0.05444627776935625,0.0743542253262347,0.29213483146067415,neg
0.06196934701043944,0.06647714563321497,0.24519670631290028,pos
