mean,stdev,sig_frac,name
0.09348468948935562,0.06544530720236405,0.512256128064032,neg
0.07406643872459309,0.06626649851587893,0.3818472610955618,pos
