mean,stdev,sig_frac,name
0.6307435436381235,0.18583380486601936,0.0007936507936507937,neg
0.6603831836516842,0.13333383665413806,0.00030864197530864197,pos
