mean,stdev,sig_frac,name
0.1977283271989803,0.11761935458012547,0.8370761778952004,neg
0.20306810138212977,0.11255427465469921,0.8420816509645581,pos
