mean,stdev,sig_frac,name
0.048357074862910084,0.06597799111503427,0.10112359550561797,neg
0.04240381547958719,0.061827984669214325,0.11508452535760728,pos
