mean,stdev,sig_frac,name
0.015237905683040046,0.06176316275231736,0.06030150753768844,neg
0.01430321309666383,0.06366157909652491,0.050194720900043274,pos
