mean,stdev,sig_frac,name
0.03385050486364032,0.06265157416673557,0.08727272727272728,neg
0.03437158857207601,0.06578102866002407,0.0817391304347826,pos
