mean,stdev,sig_frac,name
0.23583535824899204,0.0796208465354743,0.9353680430879713,neg
0.22285941131095074,0.07976246737195708,0.9185739436619719,pos
