mean,stdev,sig_frac,name
0.12462735063620675,0.08227034548259864,0.6629927935565918,neg
0.11927684381660422,0.07688727320653457,0.6408220457730033,pos
