mean,stdev,sig_frac,name
0.1903993721340999,0.13370584917250156,0.7994987468671679,neg
0.16726565698738047,0.12497528925076488,0.7459639126305793,pos
