mean,stdev,sig_frac,name
0.09993916185238895,0.07885908258061554,0.5634344297308842,neg
0.1137047993155877,0.0796282414567636,0.6243631310792034,pos
