mean,stdev,sig_frac,name
0.20258461586022247,0.10639019099970869,0.849478390461997,neg
0.1770714417238679,0.10668995424397293,0.7945315641334941,pos
