mean,stdev,sig_frac,name
0.18271323259460145,0.09591062303501738,0.7945141794514179,neg
0.16435992627408247,0.07795511169578795,0.7867177522349936,pos
