mean,stdev,sig_frac,name
0.11977641586828074,0.06537483418240408,0.6338446313706086,neg
0.10974496914780763,0.06678089141592487,0.582492940701896,pos
