mean,stdev,sig_frac,name
0.12447032731787924,0.08036393454888194,0.6492616033755274,neg
0.13295310239603012,0.0796560693274804,0.6897081413210445,pos
