mean,stdev,sig_frac,name
0.13338855891500684,0.06542783361047977,0.7066136250621581,neg
0.12384172697360972,0.06496646593136036,0.6673362796303737,pos
