mean,stdev,sig_frac,name
-0.019603495486614567,0.15536913972603994,0.5415297982167996,neg
-0.006706753736533897,0.12420992093987562,0.40734487125369356,pos
