mean,stdev,sig_frac,name
-0.015241231712809373,0.11733535927040989,0.41730038022813687,neg
0.002816707986866906,0.11038464442908436,0.3777128547579299,pos
