mean,stdev,sig_frac,name
-0.033503050442084084,0.14093834763084032,0.5085292761641309,neg
0.009623720845241785,0.11533865511277405,0.3938223938223938,pos
