mean,stdev,sig_frac,name
0.0992065039270438,0.08531873869103754,0.5626959247648903,neg
0.08255994371999162,0.08084423539496378,0.46867749419953597,pos
