mean,stdev,sig_frac,name
0.07844369634255025,0.0755090706090409,0.4633458646616541,neg
0.0790689210554932,0.07246558291670833,0.45109612141652616,pos
