mean,stdev,sig_frac,name
0.052105579250961966,0.07033598606553464,0.2973993288590604,neg
0.06163828249262438,0.07140424169516224,0.34782608695652173,pos
