mean,stdev,sig_frac,name
0.06635486439153265,0.07099278406901298,0.3366040955631399,neg
0.06744897936022452,0.0673164183335664,0.31539888682745826,pos
