mean,stdev,sig_frac,name
0.20055384004034307,0.16075821220464073,0.7989371124889283,neg
0.15815112253381503,0.14558998640276974,0.711864406779661,pos
