mean,stdev,sig_frac,name
0.2531659152538916,0.0898152556606525,0.9246711837385413,neg
0.23838465056227934,0.09059950684027204,0.9116022099447514,pos
