mean,stdev,sig_frac,name
0.5867873601312794,0.1326542125234453,0.00048355899419729207,neg
0.5915394730032667,0.11980134008867922,0.00041118421052631577,pos
