mean,stdev,sig_frac,name
0.5642520539168692,0.15541562103157266,0.0004640371229698376,neg
0.5632909071725061,0.15554496634893217,0.00042643923240938164,pos
