mean,stdev,sig_frac,name
0.5568438448805602,0.1521418558926614,0.00043840420868040335,neg
0.5632128097845552,0.14333753807939048,0.0004506534474988734,pos
