mean,stdev,sig_frac,name
0.6113261386291008,0.04530642361490549,0.000423908435777872,neg
0.6115134282821475,0.04486781851411477,0.00046707146193367583,pos
