mean,stdev,sig_frac,name
0.6684511531357868,0.08625751087464083,0.000444247001332741,neg
0.6766892071828253,0.059233838206602676,0.00044464206313917296,pos
