mean,stdev,sig_frac,name
0.0045077057029286665,0.05333380134598202,0.047479484173505275,neg
-0.001247159232813789,0.05226288038138501,0.05082319255547602,pos
