mean,stdev,sig_frac,name
0.13376583014600713,0.11861059925608639,0.6771823681936041,neg
0.11525407986009531,0.10037701273447361,0.5805123513266239,pos
