mean,stdev,sig_frac,name
0.3298861623285101,0.08692402431735843,0.9825581395348837,neg
0.29732407959425805,0.0962922034740142,0.9516871165644172,pos
