mean,stdev,sig_frac,name
0.2255920604809945,0.10724549951285155,0.889921722113503,neg
0.2060174630254489,0.1135333507186382,0.8489413680781759,pos
