mean,stdev,sig_frac,name
0.01831438531554351,0.06289453002932863,0.09040333796940195,neg
0.02337545620716416,0.06212484061159772,0.09645753307725138,pos
