mean,stdev,sig_frac,name
0.016911991948308162,0.061806062302249165,0.08231173380035026,neg
0.016866721528903575,0.06622115419088546,0.09882671480144405,pos
