mean,stdev,sig_frac,name
0.03392181484256684,0.06981123282658219,0.1735336888027145,neg
0.014975531395534479,0.06473823589025057,0.09601969634796881,pos
