mean,stdev,sig_frac,name
0.14167355767734321,0.1165290442516933,0.6787542662116041,neg
0.1437747217775252,0.1063138983091123,0.6785714285714286,pos
