mean,stdev,sig_frac,name
0.3967108517284666,0.07237120687485764,0.9940145361265498,neg
0.38391867181008354,0.07829518745801439,0.988894030541416,pos
