mean,stdev,sig_frac,name
0.6134354910298959,0.10979579141943997,0.0004664179104477612,neg
0.6188490629853943,0.10492537886194418,0.00042444821731748726,pos
