mean,stdev,sig_frac,name
0.5723814486394366,0.12518826692419854,0.0004572473708276177,neg
0.5755848816937819,0.11877211527234105,0.00043233895373973193,pos
