mean,stdev,sig_frac,name
0.20774666531526115,0.08769197695359182,0.8557029177718833,neg
0.17868135394242785,0.0852326814954569,0.8045889101338433,pos
