mean,stdev,sig_frac,name
0.10999273784126905,0.0826309469449898,0.5840586349060926,neg
0.06903821170198678,0.08466079374153117,0.40656020716443675,pos
