mean,stdev,sig_frac,name
0.6498624645156036,0.05978589651671742,0.0004701457451810061,neg
0.6577823937717893,0.03677816787830942,0.00042140750105351877,pos
