mean,stdev,sig_frac,name
0.33478219232168216,0.08808032263899972,0.9812252964426877,neg
0.30998615696582654,0.1054474999619388,0.9575928917609047,pos
