mean,stdev,sig_frac,name
0.32095169339589097,0.10164945037431589,0.966039467645709,neg
0.29082178242198276,0.1135340982506317,0.9280482550624731,pos
