mean,stdev,sig_frac,name
0.01034931613857206,0.0659383384030199,0.08589951377633712,neg
0.004764749880004561,0.05693138739884466,0.0679730557256583,pos
