mean,stdev,sig_frac,name
0.19086869904561846,0.11587654377245137,0.7999080036798528,neg
0.1648123759829518,0.12178999500879173,0.7656921754084265,pos
