mean,stdev,sig_frac,name
0.0924704183134444,0.07492678108556067,0.490634993147556,neg
0.08859588495009126,0.06709530630896915,0.44180008654262226,pos
