mean,stdev,sig_frac,name
0.0775277599958934,0.07540866504458196,0.4184629803186504,neg
0.07874705418756855,0.0698848748208985,0.3803888419273035,pos
