mean,stdev,sig_frac,name
0.13485360142618863,0.07737431683070162,0.6528735632183909,neg
0.09423306221071794,0.07110734311659311,0.46881720430107526,pos
