mean,stdev,sig_frac,name
0.16740525391139136,0.09348975641682064,0.7516372795969773,neg
0.08619709986463639,0.0734105897364813,0.4341948310139165,pos
