mean,stdev,sig_frac,name
0.5365191754524059,0.12558297622843026,0.0004374453193350831,neg
0.527042917052474,0.10535825956615388,0.00045167118337850043,pos
