mean,stdev,sig_frac,name
0.5473429761216962,0.1224751561122793,0.00045998160073597056,neg
0.5381476033225925,0.12492169651805492,0.0004299226139294927,pos
