mean,stdev,sig_frac,name
4.001404065311374e-05,0.061373428655011525,0.05435759209344115,neg
-0.0011820686021264697,0.06405630314561925,0.047053649956024624,pos
