mean,stdev,sig_frac,name
0.17353103804347517,0.12237062400651069,0.7674666666666666,neg
0.14804753361706635,0.12423083484589532,0.7161904761904762,pos
