mean,stdev,sig_frac,name
0.5799953065681323,0.07764559117183029,0.9995511669658886,neg
0.575140542998661,0.08980293276880533,0.9991197183098591,pos
