mean,stdev,sig_frac,name
0.6417586733587853,0.08433188219500509,0.9995557529986673,neg
0.6376035506176471,0.08715302465548767,0.9995553579368608,pos
