mean,stdev,sig_frac,name
0.010207981385520357,0.061939971374191036,0.049862763037511436,neg
0.009999879770547625,0.06615795870497318,0.05056179775280899,pos
