mean,stdev,sig_frac,name
0.011656952651413702,0.0655278944153776,0.08582746478873239,neg
0.013113842430276315,0.06534066716574123,0.07944344703770198,pos
