mean,stdev,sig_frac,name
0.006422201608788857,0.06525933829269355,0.08786969567081011,neg
0.014896577838765985,0.06161246346993487,0.07198892478080296,pos
