mean,stdev,sig_frac,name
0.025067305509364535,0.06348496047940984,0.09090909090909091,neg
0.019979466621589254,0.06408664556177582,0.07962872496336101,pos
