mean,stdev,sig_frac,name
0.03758108344516128,0.06257722526675602,0.13925729442970822,neg
0.03267852748275955,0.06556901579663377,0.1161751563896336,pos
