mean,stdev,sig_frac,name
0.03561675689489347,0.062070236721324445,0.10851581508515815,neg
0.03572146722577538,0.06346137757226096,0.12065439672801637,pos
