mean,stdev,sig_frac,name
0.5469442620977447,0.16436115618072272,0.0004985044865403788,neg
0.553468904104726,0.158645545055231,0.00040096230954290296,pos
