mean,stdev,sig_frac,name
0.25399335468045553,0.11268097110521406,0.9086694483078349,neg
0.2536838965917069,0.1192371096009718,0.8903115663679044,pos
