mean,stdev,sig_frac,name
0.20722889172236023,0.1321364747241464,0.8230731943771207,neg
0.21587924677750514,0.15983832564152103,0.8206811653672548,pos
