mean,stdev,sig_frac,name
0.6480333143880853,0.06496974109889253,0.0004253509145044662,neg
0.6426795479889635,0.058390944981207005,0.00046533271288971617,pos
