mean,stdev,sig_frac,name
0.11516530265383854,0.08269749058919541,0.5743838028169014,neg
0.08787817052856609,0.07947227758621593,0.4394075403949731,pos
