mean,stdev,sig_frac,name
0.1093727762282028,0.08782275636914741,0.5327868852459017,neg
0.06670002175890331,0.06863490451801219,0.30956306677658696,pos
