mean,stdev,sig_frac,name
0.05225940328704079,0.06650094848466293,0.2463768115942029,neg
0.0494655315545438,0.06672941456973819,0.23391812865497075,pos
