mean,stdev,sig_frac,name
0.06150765361074193,0.06571020647333127,0.3082985628187297,neg
0.06403229569300564,0.0632300323445499,0.3013230900554844,pos
