mean,stdev,sig_frac,name
0.478567556258883,0.26147768056071813,0.0005973715651135006,neg
0.1660772540197251,0.2751342954627699,0.00035385704175513094,pos
