mean,stdev,sig_frac,name
-0.005572272707948162,0.06326774500751961,0.06298568507157465,neg
0.008153273164362032,0.06502730120160637,0.06277372262773723,pos
