mean,stdev,sig_frac,name
0.012190124901029326,0.06342065947923892,0.06262230919765166,neg
0.007349353569601932,0.06247470967535603,0.05130293159609121,pos
