mean,stdev,sig_frac,name
0.5907303564943366,0.07377769722002489,0.0005224660397074191,neg
0.5970177787016826,0.0716967566954748,0.0003866976024748647,pos
