mean,stdev,sig_frac,name
0.5537650384063534,0.14665035779892113,0.00040749796251018743,neg
0.5359905971139524,0.16689730994540952,0.0004887585532746823,pos
