mean,stdev,sig_frac,name
0.5350064744631028,0.1834244268829112,0.0004420866489832007,neg
0.5158855613184572,0.19467249474449283,0.00044682752457551384,pos
