mean,stdev,sig_frac,name
0.024523852832295228,0.06437741886823936,0.09836065573770492,neg
0.013221439471456693,0.06474610525193382,0.08524326497788501,pos
