mean,stdev,sig_frac,name
0.030070865712720486,0.06119383167933971,0.13471933471933473,neg
0.015420323026100574,0.06420418392793524,0.0954653937947494,pos
