mean,stdev,sig_frac,name
0.030985227010511426,0.07770811234522206,0.21928934010152284,neg
0.020842032902743786,0.06382054329219806,0.1,pos
