mean,stdev,sig_frac,name
0.05562753784941897,0.10107729330256857,0.23622047244094488,neg
0.05909633904564602,0.10798011341138569,0.24932249322493225,pos
