mean,stdev,sig_frac,name
0.047008835055646056,0.10183527423010295,0.2334414080592867,neg
0.04829757359363712,0.10062346033030867,0.2383596753524135,pos
