mean,stdev,sig_frac,name
0.0125562187609148,0.17625509089534921,0.5928352992573176,neg
-0.024770114787058577,0.1434584481354002,0.5056535504296699,pos
