mean,stdev,sig_frac,name
0.1922877964089745,0.12795563631735546,0.8011937557392103,neg
0.18940724111875432,0.13720684058251378,0.7924203273040482,pos
