mean,stdev,sig_frac,name
0.10585369154395553,0.08668963760267748,0.5871131835523526,neg
0.0992393655935816,0.08025941551240555,0.5347968239140588,pos
