mean,stdev,sig_frac,name
0.4619090292553433,0.05496465462198006,0.9983043662568886,neg
0.4363948664059284,0.05838946854346287,0.9971975712283979,pos
