mean,stdev,sig_frac,name
0.001227719172933179,0.0566580001303635,0.07162790697674419,neg
-0.000912201300379843,0.05747509888920925,0.07106382978723404,pos
