mean,stdev,sig_frac,name
-0.007768091287887551,0.06631894576419449,0.1141732283464567,neg
0.0026491339709795087,0.06711660621878292,0.10659439927732611,pos
