mean,stdev,sig_frac,name
-0.0012404592861324927,0.0582636374583926,0.07874015748031496,neg
0.0005710875882113427,0.05970156066860453,0.08372490388722768,pos
