mean,stdev,sig_frac,name
0.5309948304055752,0.17473371954393827,0.0004597701149425287,neg
0.5191830154388182,0.17654211058292435,0.00043010752688172043,pos
