mean,stdev,sig_frac,name
0.5108564822232886,0.19164576910107903,0.00045662100456621003,neg
0.4978310831310429,0.19456169998775685,0.0004329004329004329,pos
