mean,stdev,sig_frac,name
0.0009976070571562684,0.05439531097182542,0.0602803738317757,neg
0.0006930022956948217,0.05741409214355905,0.06567796610169492,pos
