mean,stdev,sig_frac,name
0.2817781951448967,0.10754119033317609,0.9389908256880733,neg
0.2849791666977464,0.11393455744468017,0.9297413793103448,pos
