mean,stdev,sig_frac,name
0.008736801552716807,0.059443195125399126,0.04931748128577719,neg
0.005468479784871554,0.06272731282289559,0.05563032750112158,pos
