mean,stdev,sig_frac,name
0.03606945350049101,0.0668443421052416,0.1656678082191781,neg
0.028411038977176842,0.06472587911694808,0.11321626617375231,pos
