mean,stdev,sig_frac,name
0.06290613236025336,0.06437574463645357,0.27165354330708663,neg
0.053012701072400414,0.06271022254727132,0.21353322528363047,pos
