mean,stdev,sig_frac,name
0.07127555051907647,0.06878792945835298,0.3361511685728493,neg
0.06969996327236876,0.06925455451081056,0.3262354359180394,pos
