mean,stdev,sig_frac,name
0.5866074538330587,0.123014136622051,0.00044014084507042255,neg
0.5838976159852326,0.11411514306320795,0.0004488330341113106,pos
