mean,stdev,sig_frac,name
0.5798877162714574,0.12954334324054967,0.000493339911198816,neg
0.581317592633672,0.12607059136186383,0.0004043671653861706,pos
