mean,stdev,sig_frac,name
0.5924374386272319,0.09948183997885107,0.0005313496280552603,neg
0.6069159708900066,0.08854754514798177,0.0003819709702062643,pos
