mean,stdev,sig_frac,name
0.513631428157582,0.16073237121626538,0.00047058823529411766,neg
0.49364478074876883,0.17876822097253925,0.0004210526315789474,pos
