mean,stdev,sig_frac,name
0.09508174599612802,0.06896847401797246,0.5082417582417582,neg
0.07687261718451206,0.0701191947331059,0.41321243523316065,pos
