mean,stdev,sig_frac,name
0.05321179919575543,0.06347796399064498,0.2593516209476309,neg
0.060926406583031494,0.06647352930402894,0.29465138490926457,pos
