mean,stdev,sig_frac,name
0.5912701805488763,0.0955256011549298,0.00047080979284369113,neg
0.5928828229858016,0.08347869299684071,0.00042087542087542086,pos
