mean,stdev,sig_frac,name
0.659051791807936,0.05456863717779438,0.00045413260672116256,neg
0.6603812558480819,0.05899673999869013,0.0004351610095735422,pos
