mean,stdev,sig_frac,name
0.022337710342403443,0.06721045952338663,0.12267493356953056,neg
0.020758203284329334,0.06482955255832146,0.10214094558429973,pos
