mean,stdev,sig_frac,name
0.002265200343672098,0.06169858877072844,0.04185832566697332,neg
0.0009029259366529029,0.06525855800111853,0.05073086844368014,pos
