mean,stdev,sig_frac,name
0.0016277054855798744,0.06824025344203222,0.04781199351701783,neg
-0.00176281113844586,0.05997814782761641,0.05664421310471525,pos
