mean,stdev,sig_frac,name
0.09944980692957854,0.10234781721741222,0.5958815958815958,neg
0.14544671098647408,0.083972619775326,0.7279852466574458,pos
