mean,stdev,sig_frac,name
0.2122512529007112,0.08398342106965577,0.8949730700179533,neg
0.2079926870414423,0.08287820824541328,0.8868838028169014,pos
